kind,group,learner,n,ezr_best,lime_best,shap_best,rand_best,ezr_sole,lime_sole,shap_sole,rand_sole
subset,all,ezr,128,98,119,114,76,4,6,1,2
subset,K<n,ezr,106,76,97,92,54,4,6,1,2
subset,sep,ezr,52,27,45,41,0,4,6,1,0
subset,all,lgbm,128,92,124,122,71,2,3,1,1
subset,K<n,lgbm,106,70,102,100,49,2,3,1,1
subset,sep,lgbm,57,25,54,52,0,2,3,1,0
family,behavior_data,ezr,4,3,4,4,1,0,0,0,0
family,behavior_data,lgbm,4,4,4,4,2,0,0,0,0
family,binary_config,ezr,12,3,10,8,1,2,2,0,0
family,binary_config,lgbm,12,0,11,10,0,0,2,1,0
family,config,ezr,35,26,34,32,19,1,2,0,0
family,config,lgbm,35,27,35,35,16,0,0,0,0
family,financial_data,ezr,4,3,4,4,1,0,0,0,0
family,financial_data,lgbm,4,3,3,2,0,1,1,0,0
family,health_data,ezr,3,3,3,3,3,0,0,0,0
family,health_data,lgbm,3,3,3,3,1,0,0,0,0
family,hpo,ezr,35,34,35,35,32,0,0,0,0
family,hpo,lgbm,35,28,35,35,29,0,0,0,0
family,misc,ezr,4,4,4,4,3,0,0,0,0
family,misc,lgbm,4,4,4,4,3,0,0,0,0
family,process,ezr,10,7,9,8,4,0,0,0,1
family,process,lgbm,10,7,9,9,6,0,0,0,1
family,rl,ezr,2,2,2,2,2,0,0,0,0
family,rl,lgbm,2,2,2,2,2,0,0,0,0
family,sales_data,ezr,5,3,5,3,2,0,1,0,0
family,sales_data,lgbm,5,3,5,5,2,0,0,0,0
family,systems,ezr,12,8,7,9,6,1,1,1,1
family,systems,lgbm,12,9,11,11,8,1,0,0,0
family,test,ezr,2,2,2,2,2,0,0,0,0
family,test,lgbm,2,2,2,2,2,0,0,0,0
