dataset,e_ezr,e_lime,e_shap,e_rand,e_best,l_ezr,l_lime,l_shap,l_rand,l_best,k,n_x,e_full,l_full
7z,0.0,1.3,0.0,-2.6,lime,4.2,0.1,0.2,1.8,ezr lime shap rand,4,14,91.5,86.6
A2C_Acrobot,0.0,0.0,0.0,0.0,ezr lime shap rand,0.0,0.0,0.0,0.0,ezr lime shap rand,6,10,56.9,56.0
A2C_CartPole,0.0,0.0,0.0,0.0,ezr lime shap rand,0.0,0.0,0.0,0.0,ezr lime shap rand,6,7,22.5,25.3
Apache_AllMeasurements,0.0,0.0,0.0,0.0,ezr lime shap rand,0.0,0.0,0.0,0.0,ezr lime shap,8,9,94.9,100.0
BDBC,0.0,0.3,0.2,-0.0,lime shap,-0.3,0.1,0.1,0.1,lime shap rand,6,16,98.8,98.8
BankChurners,0.0,0.0,0.0,-12.5,ezr lime shap,0.0,0.4,0.0,-4.1,ezr lime shap,8,19,59.1,66.5
Car_price_cleaned,0.0,0.0,0.0,0.0,ezr lime shap rand,0.0,0.0,0.0,0.0,ezr lime shap rand,8,38,50.3,51.4
Data_COVID19_Indonesia,0.0,0.0,0.0,0.0,ezr lime shap rand,0.7,0.0,0.0,-2.0,ezr lime shap,8,35,86.1,88.3
FFM-1000-200-0.50-SAT-1,0.0,0.0,0.0,-18.8,ezr,-29.8,-6.0,-6.0,-45.7,lime shap,8,1044,56.1,89.7
FFM-125-25-0.50-SAT-1,0.0,24.2,6.5,-0.2,lime shap,-18.8,0.2,0.0,-47.9,lime,8,128,53.0,93.6
FFM-250-50-0.50-SAT-1,0.0,6.3,6.3,-6.7,lime shap,-25.3,-5.5,-5.5,-43.7,lime shap,8,256,55.7,96.1
FFM-500-100-0.50-SAT-1,0.0,21.1,8.0,-3.2,lime shap,-19.6,0.0,-2.7,-47.1,lime shap,9,510,48.2,92.5
FM-500-100-0.25-SAT-1,0.0,13.1,16.6,-8.1,lime shap,-29.7,-3.9,-13.1,-43.6,lime,9,517,59.7,94.5
FM-500-100-0.50-SAT-1,0.0,5.2,0.0,-27.5,lime,-19.7,-10.8,-5.3,-53.8,lime shap,8,513,61.5,97.7
FM-500-100-0.75-SAT-1,0.0,0.0,0.0,-15.9,ezr,-20.1,-0.1,-2.1,-54.6,lime shap,9,511,55.0,97.9
FM-500-100-1.00-SAT-1,0.0,2.5,4.9,3.2,ezr lime shap rand,-35.8,-3.8,-4.0,-49.7,lime shap,9,511,47.2,97.3
HSMGP_num,0.0,0.0,0.0,-2.5,ezr lime shap,-4.0,0.1,0.0,-4.6,lime shap,5,14,96.6,99.4
HSQLDB,0.0,0.0,0.0,-0.3,ezr shap,0.0,0.0,0.0,-1.3,ezr lime shap,9,18,99.5,99.5
Health-ClosedIssues0000,0.0,0.0,0.0,0.0,ezr lime shap rand,0.0,0.1,1.0,-0.1,ezr lime shap rand,4,5,79.9,79.3
Health-ClosedIssues0001,0.0,0.0,0.0,0.0,ezr lime shap rand,-0.7,0.0,0.0,-1.3,lime shap,4,5,36.8,39.7
Health-ClosedIssues0002,0.0,0.0,0.0,0.0,ezr lime shap rand,0.0,0.0,0.0,0.0,ezr lime shap rand,4,5,78.8,78.8
Health-ClosedIssues0003,0.0,0.0,0.0,0.0,ezr lime shap rand,-0.9,0.0,0.0,-4.3,lime shap,4,5,52.2,69.2
Health-ClosedIssues0004,0.0,0.0,0.0,0.0,ezr lime shap rand,0.0,0.0,0.0,0.0,ezr lime shap rand,5,5,22.8,30.3
Health-ClosedIssues0005,0.0,0.0,0.0,0.0,ezr lime shap rand,0.8,0.0,0.0,-0.1,ezr lime shap rand,4,5,57.2,59.7
Health-ClosedIssues0006,0.0,0.0,0.0,0.0,ezr lime shap rand,-0.7,0.0,-0.0,-0.5,lime shap,4,5,71.7,71.9
Health-ClosedIssues0007,0.0,0.0,0.0,0.0,ezr lime shap rand,-0.1,0.0,0.0,0.0,ezr lime shap rand,4,5,5.0,6.3
Health-ClosedIssues0008,0.0,0.0,0.0,0.0,ezr lime shap rand,-2.6,0.0,0.0,-2.9,lime shap,4,5,59.1,78.6
Health-ClosedIssues0009,0.0,0.0,0.0,0.0,ezr lime shap rand,2.8,-0.2,0.0,-2.6,ezr lime shap rand,4,5,19.7,42.4
Health-ClosedIssues0010,0.0,0.0,0.0,0.0,ezr lime shap rand,-1.6,0.0,0.0,-1.1,ezr lime shap rand,4,5,10.0,16.6
Health-ClosedIssues0011,0.0,0.0,0.0,0.0,ezr lime shap rand,0.0,0.0,0.0,0.0,ezr lime shap rand,5,5,100.0,100.0
Health-ClosedPRs0000,0.0,0.0,0.0,0.0,ezr lime shap rand,0.0,0.0,0.0,0.0,ezr lime shap rand,3,5,100.0,100.0
Health-ClosedPRs0002,0.0,0.0,0.0,0.0,ezr lime shap rand,0.0,0.0,0.0,0.0,ezr lime shap rand,5,5,100.0,100.0
Health-ClosedPRs0003,0.0,0.0,0.0,0.0,ezr lime shap rand,0.0,0.0,0.0,0.0,ezr lime shap rand,4,5,98.4,98.4
Health-ClosedPRs0004,0.0,0.0,0.0,0.0,ezr lime shap rand,0.0,0.0,0.0,0.0,lime shap,4,5,17.3,100.0
Health-ClosedPRs0005,0.0,0.0,0.0,0.0,ezr lime shap rand,0.0,0.0,0.0,0.0,ezr lime shap rand,5,5,100.0,100.0
Health-ClosedPRs0006,0.0,0.0,0.0,0.0,ezr lime shap rand,0.0,0.0,0.0,0.0,ezr lime shap rand,5,5,0.5,100.0
Health-ClosedPRs0007,0.0,0.0,0.0,0.0,ezr lime shap rand,0.0,0.0,0.0,0.0,ezr lime shap rand,5,5,100.0,100.0
Health-ClosedPRs0008,0.0,0.0,0.0,0.0,ezr lime shap rand,0.0,0.0,0.0,0.0,ezr lime shap rand,5,5,-1.6,76.8
Health-ClosedPRs0009,0.0,0.0,0.0,0.0,ezr lime shap,-0.4,0.0,0.0,-2.3,ezr lime shap,4,5,17.7,37.8
Health-ClosedPRs0010,0.0,0.0,0.0,0.0,ezr lime shap rand,0.0,0.0,0.0,0.0,ezr lime shap rand,5,5,27.5,53.3
Health-ClosedPRs0011,0.0,0.0,0.0,0.0,ezr lime shap rand,0.0,0.0,0.0,0.0,ezr lime shap rand,4,5,100.0,100.0
Health-Commits0000,0.0,0.0,0.0,0.0,ezr lime shap rand,0.0,0.0,0.0,0.0,ezr lime shap rand,5,5,72.4,73.4
Health-Commits0001,0.0,0.0,0.0,0.0,ezr lime shap rand,0.0,0.0,0.0,0.0,ezr lime shap rand,4,5,96.5,96.5
Health-Commits0002,0.0,0.0,0.0,0.0,ezr lime shap rand,0.0,0.0,0.0,0.0,ezr lime shap rand,4,5,34.2,34.2
Health-Commits0003,0.0,0.0,0.0,0.0,lime shap,-2.4,2.5,5.3,7.2,lime shap rand,4,5,22.6,44.3
Health-Commits0004,0.0,0.0,0.0,0.0,ezr lime shap rand,0.0,0.0,0.0,0.0,ezr lime shap rand,5,5,26.3,26.7
Health-Commits0005,0.0,0.0,0.0,0.0,ezr lime shap,-1.2,0.0,-0.3,-0.5,ezr lime shap rand,4,5,73.4,82.0
Health-Commits0006,0.0,0.0,0.0,0.0,ezr lime shap rand,-0.2,0.0,-0.3,-0.4,ezr lime shap rand,4,5,43.2,49.1
Health-Commits0007,0.0,0.0,0.0,0.0,ezr lime shap rand,0.0,0.0,0.1,-2.1,ezr lime shap rand,4,5,64.8,64.4
Health-Commits0008,0.0,0.0,0.0,0.0,ezr lime shap rand,-0.2,-0.3,0.0,0.0,ezr lime shap rand,4,5,37.5,38.1
Health-Commits0009,0.0,0.0,0.0,0.0,ezr lime shap rand,-6.0,0.0,0.0,5.6,ezr lime shap rand,4,5,65.4,75.9
Health-Commits0010,0.0,0.0,0.0,0.0,ezr lime shap rand,-7.8,-3.9,-1.2,-2.5,lime shap rand,4,5,53.9,66.7
Health-Commits0011,0.0,0.0,0.0,0.0,ezr lime shap rand,0.0,0.0,0.0,0.0,ezr lime shap rand,5,5,100.0,100.0
LLVM,0.0,0.0,0.0,-3.2,shap,-3.5,-0.8,0.0,-1.9,lime shap,6,10,93.3,96.4
Life_Expectancy_Data,0.0,0.0,0.0,0.0,ezr lime shap rand,0.0,0.0,0.0,0.0,ezr lime shap,8,20,90.5,98.8
Loan,0.0,0.0,0.0,-4.9,ezr lime shap,-2.9,0.0,0.0,-26.3,lime,10,31,61.7,81.5
Marketing_Analytics,0.0,0.0,0.0,-5.5,ezr lime,0.0,0.0,0.0,-2.3,ezr lime shap rand,7,31,59.4,66.1
Medical_Data_and_Hospital_Readmissions,0.0,0.0,0.0,0.0,ezr lime shap rand,0.0,0.0,0.0,0.0,ezr lime shap rand,10,64,100.0,100.0
PostgreSQL,0.0,0.0,0.0,-0.5,ezr lime shap rand,5.4,4.1,-1.2,5.8,ezr lime shap rand,6,9,92.6,66.7
SQL_AllMeasurements,0.0,-2.4,-2.4,-0.9,ezr lime shap rand,0.0,-3.1,-1.9,-19.4,ezr lime shap rand,10,38,64.6,67.4
SS-A,0.0,0.0,0.0,0.0,ezr lime shap rand,0.0,0.0,0.0,0.0,ezr lime shap rand,3,3,92.3,94.8
SS-B,0.0,0.0,0.0,0.0,ezr lime shap rand,0.0,0.0,0.0,0.0,ezr lime shap,2,3,89.3,100.0
SS-C,0.0,0.0,0.0,0.0,ezr lime shap rand,0.0,0.0,0.0,0.0,ezr lime shap rand,3,3,78.5,78.3
SS-D,0.0,0.0,0.0,0.0,ezr lime shap rand,0.0,0.0,0.0,0.0,ezr lime shap rand,3,3,52.5,74.8
SS-E,0.0,0.0,0.0,0.0,ezr lime shap rand,0.0,0.0,0.0,0.0,ezr lime shap rand,3,3,76.2,96.3
SS-F,0.0,0.0,0.0,0.0,ezr lime shap rand,0.0,0.0,0.0,0.0,ezr lime shap rand,3,3,73.2,97.6
SS-G,0.0,0.0,0.0,0.0,ezr lime shap rand,0.0,0.0,0.0,0.0,ezr lime shap rand,3,3,62.1,92.5
SS-H,0.0,0.0,0.0,0.0,ezr lime shap,0.0,0.0,0.0,0.0,ezr lime shap,3,4,100.0,100.0
SS-I,0.0,0.0,0.0,0.0,ezr lime shap rand,0.0,0.0,0.0,0.0,ezr lime shap rand,5,5,98.3,98.8
SS-J,0.0,0.0,0.0,0.0,ezr lime shap rand,-0.4,0.0,0.0,-0.1,ezr lime shap rand,5,6,93.6,93.6
SS-K,0.0,0.0,0.0,0.0,ezr lime shap rand,0.0,0.0,0.0,0.0,ezr lime shap rand,6,6,72.8,87.1
SS-L,0.0,0.0,0.0,-4.2,ezr lime shap,0.0,0.0,0.0,-4.3,ezr lime shap,8,11,95.2,97.8
SS-M,0.0,0.2,0.5,-0.1,lime shap,-0.2,-0.2,-0.0,-1.1,ezr lime shap,7,17,98.9,99.4
SS-N,0.0,0.0,0.0,-1.7,ezr lime shap rand,0.0,0.0,0.0,-0.5,ezr lime shap rand,8,17,38.5,50.2
SS-O,0.0,24.3,17.4,9.7,lime,-4.2,-1.6,0.0,-21.0,lime shap,5,11,59.1,83.0
SS-P,0.0,0.8,1.8,0.0,lime shap,-40.8,0.0,0.0,-6.5,lime shap,7,11,90.2,98.1
SS-Q,0.0,0.0,0.0,0.0,ezr lime shap rand,-0.4,-1.3,1.1,-1.2,ezr lime shap rand,6,13,94.9,97.0
SS-R,0.0,3.1,1.7,2.0,lime shap,-3.5,1.4,0.5,-2.2,lime shap,6,14,74.3,78.2
SS-S,0.0,0.0,0.0,0.0,ezr lime shap rand,0.0,0.0,0.0,-0.0,ezr lime shap rand,5,6,87.4,95.0
SS-T,0.0,1.6,0.0,-3.2,lime shap,-6.5,0.1,-0.3,-12.3,lime shap,4,12,90.9,97.4
SS-U,0.0,6.3,6.3,-0.8,lime shap,-6.8,-2.4,-2.0,-10.2,lime shap,6,21,85.6,97.8
SS-V,0.0,1.9,0.0,-0.2,lime,-3.3,0.0,0.0,-31.4,lime shap,5,16,86.8,93.6
SS-W,0.0,0.1,0.1,-7.2,lime shap,-8.4,-12.6,-7.4,-15.7,ezr lime shap,6,16,46.3,53.3
SS-X,0.0,0.0,0.0,-2.9,ezr lime shap,0.0,0.0,0.0,0.0,ezr lime shap,6,11,61.6,55.8
Scrum100k,0.0,6.4,11.1,-3.6,lime shap,-23.4,-16.9,-14.6,-44.9,lime shap,8,124,48.3,88.3
Scrum10k,0.0,0.0,0.0,-15.5,lime,-23.1,0.0,-0.2,-48.0,lime shap,10,124,65.0,92.8
Scrum1k,0.0,0.3,0.0,-26.4,lime shap,-10.1,0.0,0.0,-55.3,lime shap,8,124,65.0,95.4
WA_Fn-UseC_-HR-Employee-Attrition,0.0,0.8,0.0,-6.9,ezr lime shap,0.0,0.0,0.0,-14.0,ezr lime shap,8,32,75.2,77.9
WA_Fn-UseC_-Telco-Customer-Churn,0.0,0.8,0.7,0.6,lime shap rand,-0.3,-0.5,-0.4,-1.0,ezr lime shap,7,19,97.3,98.8
Wine_quality,0.0,0.0,0.0,0.0,ezr lime shap,0.0,0.0,0.0,0.0,ezr lime shap rand,8,10,49.9,54.4
X264_AllMeasurements,0.0,8.2,9.2,2.2,lime shap,-9.0,-0.0,-0.0,-6.3,lime shap,6,16,86.6,100.0
accessories,0.0,0.0,0.0,0.0,lime shap rand,0.0,0.0,0.0,0.0,lime shap,5,14,3.4,3.2
all_players,0.0,0.0,0.0,-0.1,lime shap,-2.5,-0.7,0.0,-4.0,ezr lime shap rand,9,55,70.8,81.3
auto93,0.0,0.0,0.0,0.0,ezr lime shap rand,0.0,0.0,0.0,0.0,ezr lime shap,3,4,76.6,78.1
billing10k,0.0,11.6,11.6,-17.9,lime shap,-18.1,-9.2,-1.7,-49.5,shap,8,88,55.5,87.9
coc1000,0.0,0.0,0.0,-21.9,ezr lime shap,24.5,7.6,0.0,4.3,ezr lime shap rand,9,20,35.2,24.0
dataset120,0.0,0.0,0.0,0.0,ezr lime shap rand,0.0,0.0,0.0,0.0,ezr lime shap rand,6,9,100.0,100.0
dataset600,0.0,0.0,0.0,0.0,ezr lime shap rand,0.0,0.0,0.0,0.0,ezr lime shap rand,6,9,100.0,100.0
dconvert,0.0,0.0,0.0,0.0,ezr lime shap rand,-0.3,0.0,0.0,-2.4,lime shap,9,18,94.3,94.6
deeparch,0.0,-0.2,-0.2,-0.2,ezr,0.0,-0.0,-0.0,-0.1,ezr,6,12,99.9,99.9
dress-up,0.0,0.0,0.0,0.0,ezr lime shap rand,0.0,0.0,0.0,-0.0,lime shap,7,20,0.1,0.1
exastencils,0.0,0.0,0.0,2.3,ezr shap,-1.2,-1.7,0.0,-2.9,ezr lime shap rand,4,12,74.5,75.9
home_data_for_ml_course,0.0,0.0,0.0,-11.6,ezr lime shap,0.0,-1.9,-2.4,-21.5,ezr,10,77,29.3,47.0
javagc,0.0,0.0,0.0,-0.0,ezr lime shap rand,-3.4,-0.5,-0.7,-0.2,ezr lime shap rand,10,35,91.0,92.8
multiLabel,0.0,0.0,0.0,0.0,ezr lime shap rand,0.0,0.0,0.0,0.0,ezr lime shap rand,6,46,100.0,100.0
nasa93dem,0.0,14.8,0.0,15.8,lime rand,0.0,0.0,0.0,-5.0,ezr lime shap rand,4,22,33.4,65.1
player_statistics_cleaned_final,0.0,0.0,0.0,0.0,ezr lime shap,0.0,0.0,0.0,-2.7,ezr lime shap,6,26,74.4,74.4
pom3a,0.0,0.0,0.0,-4.7,ezr lime shap,-5.7,-2.1,-0.4,-1.2,ezr lime shap rand,6,9,64.8,66.0
pom3b,0.0,0.0,0.0,0.0,ezr lime shap rand,-6.4,-1.5,-3.2,-4.6,ezr lime shap rand,7,9,66.9,77.9
pom3c,0.0,0.0,0.0,3.1,rand,0.0,-6.7,0.0,9.1,rand,7,9,44.3,48.8
pom3d,0.0,0.0,0.0,0.0,ezr lime shap rand,0.0,-3.6,0.0,-2.1,ezr lime shap rand,7,9,66.7,72.9
redis,0.0,0.0,0.0,3.2,rand,0.0,0.0,0.0,0.0,ezr lime shap rand,7,9,21.2,40.8
rs-6d-c3_obj1,0.0,0.0,0.0,-3.9,ezr lime shap,0.0,0.0,0.0,-0.6,ezr lime shap,4,6,99.5,99.5
rs-6d-c3_obj2,0.0,0.0,0.0,-0.0,ezr,-0.0,0.0,0.0,-0.4,ezr lime shap,4,6,100.0,99.8
socks,0.0,0.0,0.0,-33.9,ezr lime shap,0.0,0.0,0.0,-40.1,ezr lime shap,2,20,100.0,100.0
sol-6d-c2-obj1,0.0,0.0,0.0,0.0,ezr lime shap rand,0.0,0.0,0.0,-0.1,ezr lime shap,5,6,94.0,93.1
storm,0.0,0.0,0.0,0.0,ezr lime shap rand,-0.0,0.0,0.0,0.0,ezr lime shap rand,7,12,100.0,99.9
student_dropout,0.0,0.0,0.0,0.0,ezr lime shap rand,0.0,0.0,0.0,0.0,ezr lime shap rand,6,33,100.0,100.0
wallpaper,0.0,12.1,0.0,2.4,lime,-3.6,-1.2,0.0,0.0,ezr lime shap rand,2,22,24.8,27.4
wc+rs-3d-c4-obj1,0.0,0.0,0.0,0.0,ezr lime shap rand,0.0,0.0,0.0,0.0,ezr lime shap rand,3,3,99.2,99.3
wc+sol-3d-c4-obj1,0.0,0.0,0.0,0.0,ezr lime shap rand,0.0,0.0,0.0,0.0,ezr lime shap rand,3,3,99.6,99.5
wc+wc-3d-c4-obj1,0.0,0.0,0.0,0.0,ezr lime shap rand,0.0,0.0,0.0,0.0,ezr lime shap rand,3,3,98.8,99.0
wc-6d-c1-obj1,0.0,0.0,0.0,0.0,ezr lime shap,0.0,0.0,0.0,0.0,ezr lime shap,5,6,99.8,99.8
x264,0.0,0.0,0.0,-1.0,ezr lime shap rand,-0.1,-2.5,0.0,-1.2,ezr lime shap rand,8,17,47.8,62.9
xomo_flight,0.0,0.0,0.0,-21.1,ezr lime shap,0.0,-0.0,0.0,-17.5,ezr lime shap,8,24,79.2,92.0
xomo_ground,0.0,0.0,0.0,-13.8,ezr lime shap,-6.3,0.0,-0.4,-26.9,lime shap,8,24,78.7,83.6
xomo_osp,0.0,0.0,0.0,-31.6,lime shap,-2.4,-1.2,-2.7,-28.1,ezr lime shap,8,24,75.2,87.1
xomo_osp2,0.0,0.0,0.0,-5.3,ezr lime shap,-9.5,0.0,0.0,-12.5,lime shap,8,24,62.1,80.7
